firstName,lastName,email,phoneNumber
Tiffrany,Sanrchez,ocurryt@example.com,001-901-594-9676x09856
Britteany,Wdard,russfelldonna@example.org,5580-602-2503x61571
Lori,Green,nwilliams@example.org,2025246417
Eddie,Clark,logancarol@example.com,0030921101
Jacqueline,Melton,ann93@example.net,491.322.6486
Melisssa,Trasn,datkinss@example.net,580.020.9350x794
Barbara,Lyons,sparkspeter@example.net,001-706-749-3677x17748
Jacqueline,Fox,simmonseddie@example.com,001-880-627-9534x0561
Vanessa,Murphy,daniellehorne@example.com,790-049-7873x963
Terddry,Jackddson,leslddie98@example.org,+1-460-815-2258x9028
Jessica,Butler,jasoncrawford@example.net,0389042078
Denise,Martin,zmurray@example.org,+1-921-340-9297x217
Cameron,Nelson,dickersonshari@example.org,034.410.3245x34371
Tamara,Murray,yhamilton@example.net,+1-508-734-1201x4171
Margaret,Day,dawncarter@example.com,(979)870-3909x96479
Terri,Baldwin,jennifer19@example.org,462-883-3349x95993
Cynthia,Day,rebeccasimmons@example.com,(976)737-7793
Philip,Giles,esantiago@example.com,591-643-8180x13689
Heather,Holder,tmoore@example.org,(356)963-1615x0278
Preston,Curtis,brett68@example.org,001-192-054-0780
Dylan,Ruiz,carlalarson@example.com,154.842.1418
Melanie,Scott,emedina@example.com,+1-301-383-4678
Cynthia,Jones,lauren46@example.com,001-362-496-0002
Kiara,Miller,larsontyler@example.org,001-822-248-7917x81889
Alan,Walters,isalazar@example.net,001-787-584-6964
Tim,Young,dmorris@example.com,(130)350-3512
Tyler,Smith,stephanie76@example.net,001-367-969-0429x12302
Benjamin,Benjamin,sean46@example.com,001-688-877-8728x310
Christopher,Baker,wilsonjeffrey@example.org,(792)377-2556
Carrie,Russell,dharvey@example.net,537-483-9872
Kevin,Jackson,etapia@example.org,001-933-129-1614
David,Vargas,nramirez@example.com,001-364-141-9884x548
Kathleen,Ortiz,sloanmark@example.com,267.931.3447
Michael,Holder,kathleen47@example.com,759-101-5817
Howard,Howard,ashleycarter@example.net,019-825-7032x963
Paula,Salazar,simonanna@example.net,157.173.7730x870
Natasha,Thompson,fieldstyrone@example.com,(317)876-3622x7055
Debra,Baldwin,vgill@example.net,918.499.6536x775
Crystal,Rivera,nathanielbarnes@example.net,897.757.6583
Steven,Allen,ewatson@example.org,314-160-5923
Erik,Clark,newmandawn@example.net,+1-702-931-2271x84166
Ernest,Lopez,perry09@example.net,+1-528-369-2636x67258
Theresa,Ortega,hrivera@example.com,+1-828-833-9485
Crystal,Smith,yturner@example.org,+1-741-572-9536x4647
Angela,Baker,ryan62@example.org,(387)707-0453x951
Daniel,Wall,pgonzalez@example.net,840-577-9124x939
Christopher,Thompson,xjohnson@example.org,003-463-5797
